name,type,path,size
Python погружение,directory,/Users/pelmeshka/Documents/Обучение/Python погружение,152020826
.DS_Store,file,/Users/pelmeshka/Documents/Обучение/Python погружение,8196
HW,directory,/Users/pelmeshka/Documents/Обучение/Python погружение/HW,356211
HW_3_Task_2.py,file,/Users/pelmeshka/Documents/Обучение/Python погружение/HW,815
HW_5_Task_3.py,file,/Users/pelmeshka/Documents/Обучение/Python погружение/HW,820
HW_6_Task_4.py,file,/Users/pelmeshka/Documents/Обучение/Python погружение/HW,3004
.DS_Store,file,/Users/pelmeshka/Documents/Обучение/Python погружение/HW,6148
HW_5_Task_2.py,file,/Users/pelmeshka/Documents/Обучение/Python погружение/HW,664
HW_3_Task_3.py,file,/Users/pelmeshka/Documents/Обучение/Python погружение/HW,1623
HW_8_Task_2.py,file,/Users/pelmeshka/Documents/Обучение/Python погружение/HW,3005
HW_2_Task_2.py,file,/Users/pelmeshka/Documents/Обучение/Python погружение/HW,1159
structure.csv,file,/Users/pelmeshka/Documents/Обучение/Python погружение/HW,64763
HW_1_Task_4.py,file,/Users/pelmeshka/Documents/Обучение/Python погружение/HW,1324
HW_4_Task_3.py,file,/Users/pelmeshka/Documents/Обучение/Python погружение/HW,4570
HW_4_Task_2.py,file,/Users/pelmeshka/Documents/Обучение/Python погружение/HW,1419
HW_2_Task_3.py,file,/Users/pelmeshka/Documents/Обучение/Python погружение/HW,1393
data.csv,file,/Users/pelmeshka/Documents/Обучение/Python погружение/HW,119
structure.json,file,/Users/pelmeshka/Documents/Обучение/Python погружение/HW,149770
README.md,file,/Users/pelmeshka/Documents/Обучение/Python погружение/HW,17
HW_4_Task_1.py,file,/Users/pelmeshka/Documents/Обучение/Python погружение/HW,852
HW_1_Task_2.py,file,/Users/pelmeshka/Documents/Обучение/Python погружение/HW,1423
HW_7_Task_3.py,file,/Users/pelmeshka/Documents/Обучение/Python погружение/HW,1674
HW_7_Task_2.py,file,/Users/pelmeshka/Documents/Обучение/Python погружение/HW,3304
HW_1_Task_3.py,file,/Users/pelmeshka/Documents/Обучение/Python погружение/HW,1390
HW_3_Task_4.py,file,/Users/pelmeshka/Documents/Обучение/Python погружение/HW,2495
HW_8_Task_3_main.py,file,/Users/pelmeshka/Documents/Обучение/Python погружение/HW,676
HW_6_Task_3.py,file,/Users/pelmeshka/Documents/Обучение/Python погружение/HW,3540
HW_6_Task_2.py,file,/Users/pelmeshka/Documents/Обучение/Python погружение/HW,1084
gitignore.txt,file,/Users/pelmeshka/Documents/Обучение/Python погружение/HW,3078
HW_5_Task_4.py,file,/Users/pelmeshka/Documents/Обучение/Python погружение/HW,295
structure.pickle,file,/Users/pelmeshka/Documents/Обучение/Python погружение/HW,36863
.git,directory,/Users/pelmeshka/Documents/Обучение/Python погружение/HW/.git,57681
config,file,/Users/pelmeshka/Documents/Обучение/Python погружение/HW/.git,718
HEAD,file,/Users/pelmeshka/Documents/Обучение/Python погружение/HW/.git,21
description,file,/Users/pelmeshka/Documents/Обучение/Python погружение/HW/.git,73
index,file,/Users/pelmeshka/Documents/Обучение/Python погружение/HW/.git,1810
COMMIT_EDITMSG,file,/Users/pelmeshka/Documents/Обучение/Python погружение/HW/.git,36
objects,directory,/Users/pelmeshka/Documents/Обучение/Python погружение/HW/.git/objects,22969
0d,directory,/Users/pelmeshka/Documents/Обучение/Python погружение/HW/.git/objects/0d,416
01fc2f5a8455dd4df1ffcaf092215e221b515d,file,/Users/pelmeshka/Documents/Обучение/Python погружение/HW/.git/objects/0d,416
50,directory,/Users/pelmeshka/Documents/Обучение/Python погружение/HW/.git/objects/50,241
73af1c74b67bbaedcf4d5f9602f2aab39eea3a,file,/Users/pelmeshka/Documents/Обучение/Python погружение/HW/.git/objects/50,241
68,directory,/Users/pelmeshka/Documents/Обучение/Python погружение/HW/.git/objects/68,2778
3798fc55a124336ddf524c1eeb3d9097d373a6,file,/Users/pelmeshka/Documents/Обучение/Python погружение/HW/.git/objects/68,1234
bc17f9ff2104a9d7b6777058bb4c343ca72609,file,/Users/pelmeshka/Documents/Обучение/Python погружение/HW/.git/objects/68,1544
9e,directory,/Users/pelmeshka/Documents/Обучение/Python погружение/HW/.git/objects/9e,744
eef0ba00797a3a3384bcdd6e1d062570d57dc9,file,/Users/pelmeshka/Documents/Обучение/Python погружение/HW/.git/objects/9e,202
e1b9f0bebf055fb5763d87b9c8090a2cb4adb0,file,/Users/pelmeshka/Documents/Обучение/Python погружение/HW/.git/objects/9e,542
04,directory,/Users/pelmeshka/Documents/Обучение/Python погружение/HW/.git/objects/04,205
1d895c7b7b41ace99714958cc43001fdda6b70,file,/Users/pelmeshka/Documents/Обучение/Python погружение/HW/.git/objects/04,205
94,directory,/Users/pelmeshka/Documents/Обучение/Python погружение/HW/.git/objects/94,623
b8565ac212fc4ca2e1a89d4f75a1f542172960,file,/Users/pelmeshka/Documents/Обучение/Python погружение/HW/.git/objects/94,623
05,directory,/Users/pelmeshka/Documents/Обучение/Python погружение/HW/.git/objects/05,205
464c23e2cf248d3557daf5c12238f2e12645a6,file,/Users/pelmeshka/Documents/Обучение/Python погружение/HW/.git/objects/05,205
02,directory,/Users/pelmeshka/Documents/Обучение/Python погружение/HW/.git/objects/02,205
82cddee8ab1a2c0525b52560d891aa812dc6e9,file,/Users/pelmeshka/Documents/Обучение/Python погружение/HW/.git/objects/02,205
a3,directory,/Users/pelmeshka/Documents/Обучение/Python погружение/HW/.git/objects/a3,586
9da277958487680a0156a6b09ae9328372a871,file,/Users/pelmeshka/Documents/Обучение/Python погружение/HW/.git/objects/a3,586
b3,directory,/Users/pelmeshka/Documents/Обучение/Python погружение/HW/.git/objects/b3,695
cd7fd343da7dffbe20d6f5c7b197a383db36bc,file,/Users/pelmeshka/Documents/Обучение/Python погружение/HW/.git/objects/b3,204
6e6e208959e550a3f7986862be6dbb0247fb95,file,/Users/pelmeshka/Documents/Обучение/Python погружение/HW/.git/objects/b3,491
ae,directory,/Users/pelmeshka/Documents/Обучение/Python погружение/HW/.git/objects/ae,581
cb74e77a107bce9e009ca5e176fc91fbb7714c,file,/Users/pelmeshka/Documents/Обучение/Python погружение/HW/.git/objects/ae,581
e5,directory,/Users/pelmeshka/Documents/Обучение/Python погружение/HW/.git/objects/e5,1237
1194c6cc447e0c8387004f13d3ecad60a1a5ef,file,/Users/pelmeshka/Documents/Обучение/Python погружение/HW/.git/objects/e5,187
88caed165a614eae6817795edf282480eaf83c,file,/Users/pelmeshka/Documents/Обучение/Python погружение/HW/.git/objects/e5,1050
pack,directory,/Users/pelmeshka/Documents/Обучение/Python погружение/HW/.git/objects/pack,0
8f,directory,/Users/pelmeshka/Documents/Обучение/Python погружение/HW/.git/objects/8f,343
fd1c2feb931a757e0fb8074d77347e358cc048,file,/Users/pelmeshka/Documents/Обучение/Python погружение/HW/.git/objects/8f,343
86,directory,/Users/pelmeshka/Documents/Обучение/Python погружение/HW/.git/objects/86,2232
8c020ec5e2d559d20c4f0637155c1f2677faf2,file,/Users/pelmeshka/Documents/Обучение/Python погружение/HW/.git/objects/86,796
ab3b93e31dd033321be23f08232b427f218ad5,file,/Users/pelmeshka/Documents/Обучение/Python погружение/HW/.git/objects/86,1027
bf4ba90f33561a782d26ca0996ce27fa3e10ee,file,/Users/pelmeshka/Documents/Обучение/Python погружение/HW/.git/objects/86,409
72,directory,/Users/pelmeshka/Documents/Обучение/Python погружение/HW/.git/objects/72,54
d66014b7d2364d026759deb894fd9465330f04,file,/Users/pelmeshka/Documents/Обучение/Python погружение/HW/.git/objects/72,54
88,directory,/Users/pelmeshka/Documents/Обучение/Python погружение/HW/.git/objects/88,1116
3b3ea3ce39d426157b571117dccca2ea1cc9e0,file,/Users/pelmeshka/Documents/Обучение/Python погружение/HW/.git/objects/88,1116
9a,directory,/Users/pelmeshka/Documents/Обучение/Python погружение/HW/.git/objects/9a,619
fc834ebf597c700a119eb5fb099af1046eccc2,file,/Users/pelmeshka/Documents/Обучение/Python погружение/HW/.git/objects/9a,619
09,directory,/Users/pelmeshka/Documents/Обучение/Python погружение/HW/.git/objects/09,133
10ab5d16192be88d745e3a1a1fb30647d85193,file,/Users/pelmeshka/Documents/Обучение/Python погружение/HW/.git/objects/09,133
info,directory,/Users/pelmeshka/Documents/Обучение/Python погружение/HW/.git/objects/info,0
3a,directory,/Users/pelmeshka/Documents/Обучение/Python погружение/HW/.git/objects/3a,690
97415a88edf587f843f8231c4a1945221429a0,file,/Users/pelmeshka/Documents/Обучение/Python погружение/HW/.git/objects/3a,424
739908f2e5403879d96e1901c891253b5bea33,file,/Users/pelmeshka/Documents/Обучение/Python погружение/HW/.git/objects/3a,266
08,directory,/Users/pelmeshka/Documents/Обучение/Python погружение/HW/.git/objects/08,205
e1dfe3d8cda35dc2094144169fbbe37829ea34,file,/Users/pelmeshka/Documents/Обучение/Python погружение/HW/.git/objects/08,205
99,directory,/Users/pelmeshka/Documents/Обучение/Python погружение/HW/.git/objects/99,501
647f11837fd6d66c645e5af22b2c280882ed59,file,/Users/pelmeshka/Documents/Обучение/Python погружение/HW/.git/objects/99,501
55,directory,/Users/pelmeshka/Documents/Обучение/Python погружение/HW/.git/objects/55,1487
799395e50dd289386002a248eefa3498ab6df3,file,/Users/pelmeshka/Documents/Обучение/Python погружение/HW/.git/objects/55,1487
d3,directory,/Users/pelmeshka/Documents/Обучение/Python погружение/HW/.git/objects/d3,622
1f0472155030acbc1e1fe839059526f274b94c,file,/Users/pelmeshka/Documents/Обучение/Python погружение/HW/.git/objects/d3,622
d4,directory,/Users/pelmeshka/Documents/Обучение/Python погружение/HW/.git/objects/d4,741
01815b7165c17bee8ea751c39753e9cb2d0fc3,file,/Users/pelmeshka/Documents/Обучение/Python погружение/HW/.git/objects/d4,741
b7,directory,/Users/pelmeshka/Documents/Обучение/Python погружение/HW/.git/objects/b7,370
3f3ee9292aab61e6fe614a75c03605aef12853,file,/Users/pelmeshka/Documents/Обучение/Python погружение/HW/.git/objects/b7,370
e6,directory,/Users/pelmeshka/Documents/Обучение/Python погружение/HW/.git/objects/e6,515
8fb4208c2ff5ede5243cca17b0c2ab03bc64f0,file,/Users/pelmeshka/Documents/Обучение/Python погружение/HW/.git/objects/e6,515
cb,directory,/Users/pelmeshka/Documents/Обучение/Python погружение/HW/.git/objects/cb,580
60461add75778df686a5d543ef581caedeaf0d,file,/Users/pelmeshka/Documents/Обучение/Python погружение/HW/.git/objects/cb,580
46,directory,/Users/pelmeshka/Documents/Обучение/Python погружение/HW/.git/objects/46,182
85f5e728c1039b8f0c1626c9550acb6b2b107c,file,/Users/pelmeshka/Documents/Обучение/Python погружение/HW/.git/objects/46,182
41,directory,/Users/pelmeshka/Documents/Обучение/Python погружение/HW/.git/objects/41,420
d113b852f853100c2a978cf9e00f3cedb66c3a,file,/Users/pelmeshka/Documents/Обучение/Python погружение/HW/.git/objects/41,420
4a,directory,/Users/pelmeshka/Documents/Обучение/Python погружение/HW/.git/objects/4a,207
32aaf28e7994114ce2b74afbc7ee5d4c478d00,file,/Users/pelmeshka/Documents/Обучение/Python погружение/HW/.git/objects/4a,207
24,directory,/Users/pelmeshka/Documents/Обучение/Python погружение/HW/.git/objects/24,1501
1d094ba40c79261238a7a95250f665869b2afa,file,/Users/pelmeshka/Documents/Обучение/Python погружение/HW/.git/objects/24,632
af204f977c95282e64a6e360e554cff06c1ed6,file,/Users/pelmeshka/Documents/Обучение/Python погружение/HW/.git/objects/24,869
85,directory,/Users/pelmeshka/Documents/Обучение/Python погружение/HW/.git/objects/85,33
4c3bc24cefc642d29f16159eb74e8efc83431c,file,/Users/pelmeshka/Documents/Обучение/Python погружение/HW/.git/objects/85,33
71,directory,/Users/pelmeshka/Documents/Обучение/Python погружение/HW/.git/objects/71,1257
efaf0dab79966cff329bcf9570fbd7ada9aa89,file,/Users/pelmeshka/Documents/Обучение/Python погружение/HW/.git/objects/71,1257
76,directory,/Users/pelmeshka/Documents/Обучение/Python погружение/HW/.git/objects/76,645
e239574534d9d210c388d29059546235e589fe,file,/Users/pelmeshka/Documents/Обучение/Python погружение/HW/.git/objects/76,645
info,directory,/Users/pelmeshka/Documents/Обучение/Python погружение/HW/.git/info,240
exclude,file,/Users/pelmeshka/Documents/Обучение/Python погружение/HW/.git/info,240
logs,directory,/Users/pelmeshka/Documents/Обучение/Python погружение/HW/.git/logs,7645
HEAD,file,/Users/pelmeshka/Documents/Обучение/Python погружение/HW/.git/logs,3256
refs,directory,/Users/pelmeshka/Documents/Обучение/Python погружение/HW/.git/logs/refs,4389
heads,directory,/Users/pelmeshka/Documents/Обучение/Python погружение/HW/.git/logs/refs/heads,3003
HW_3,file,/Users/pelmeshka/Documents/Обучение/Python погружение/HW/.git/logs/refs/heads,349
HW_4,file,/Users/pelmeshka/Documents/Обучение/Python погружение/HW/.git/logs/refs/heads,349
HW_5,file,/Users/pelmeshka/Documents/Обучение/Python погружение/HW/.git/logs/refs/heads,349
HW_2,file,/Users/pelmeshka/Documents/Обучение/Python погружение/HW/.git/logs/refs/heads,349
HW_7,file,/Users/pelmeshka/Documents/Обучение/Python погружение/HW/.git/logs/refs/heads,348
HW_1,file,/Users/pelmeshka/Documents/Обучение/Python погружение/HW/.git/logs/refs/heads,360
HW_6,file,/Users/pelmeshka/Documents/Обучение/Python погружение/HW/.git/logs/refs/heads,539
main,file,/Users/pelmeshka/Documents/Обучение/Python погружение/HW/.git/logs/refs/heads,360
remotes,directory,/Users/pelmeshka/Documents/Обучение/Python погружение/HW/.git/logs/refs/remotes,1386
origin,directory,/Users/pelmeshka/Documents/Обучение/Python погружение/HW/.git/logs/refs/remotes/origin,1386
HW_3,file,/Users/pelmeshka/Documents/Обучение/Python погружение/HW/.git/logs/refs/remotes/origin,154
HW_4,file,/Users/pelmeshka/Documents/Обучение/Python погружение/HW/.git/logs/refs/remotes/origin,154
HW_5,file,/Users/pelmeshka/Documents/Обучение/Python погружение/HW/.git/logs/refs/remotes/origin,154
HW_2,file,/Users/pelmeshka/Documents/Обучение/Python погружение/HW/.git/logs/refs/remotes/origin,154
HW_7,file,/Users/pelmeshka/Documents/Обучение/Python погружение/HW/.git/logs/refs/remotes/origin,154
HW_1,file,/Users/pelmeshka/Documents/Обучение/Python погружение/HW/.git/logs/refs/remotes/origin,154
HW_6,file,/Users/pelmeshka/Documents/Обучение/Python погружение/HW/.git/logs/refs/remotes/origin,308
main,file,/Users/pelmeshka/Documents/Обучение/Python погружение/HW/.git/logs/refs/remotes/origin,154
hooks,directory,/Users/pelmeshka/Documents/Обучение/Python погружение/HW/.git/hooks,23513
commit-msg.sample,file,/Users/pelmeshka/Documents/Обучение/Python погружение/HW/.git/hooks,896
pre-rebase.sample,file,/Users/pelmeshka/Documents/Обучение/Python погружение/HW/.git/hooks,4898
pre-commit.sample,file,/Users/pelmeshka/Documents/Обучение/Python погружение/HW/.git/hooks,1643
applypatch-msg.sample,file,/Users/pelmeshka/Documents/Обучение/Python погружение/HW/.git/hooks,478
fsmonitor-watchman.sample,file,/Users/pelmeshka/Documents/Обучение/Python погружение/HW/.git/hooks,4726
pre-receive.sample,file,/Users/pelmeshka/Documents/Обучение/Python погружение/HW/.git/hooks,544
prepare-commit-msg.sample,file,/Users/pelmeshka/Documents/Обучение/Python погружение/HW/.git/hooks,1492
post-update.sample,file,/Users/pelmeshka/Documents/Обучение/Python погружение/HW/.git/hooks,189
pre-merge-commit.sample,file,/Users/pelmeshka/Documents/Обучение/Python погружение/HW/.git/hooks,416
pre-applypatch.sample,file,/Users/pelmeshka/Documents/Обучение/Python погружение/HW/.git/hooks,424
pre-push.sample,file,/Users/pelmeshka/Documents/Обучение/Python погружение/HW/.git/hooks,1374
update.sample,file,/Users/pelmeshka/Documents/Обучение/Python погружение/HW/.git/hooks,3650
push-to-checkout.sample,file,/Users/pelmeshka/Documents/Обучение/Python погружение/HW/.git/hooks,2783
refs,directory,/Users/pelmeshka/Documents/Обучение/Python погружение/HW/.git/refs,656
heads,directory,/Users/pelmeshka/Documents/Обучение/Python погружение/HW/.git/refs/heads,328
HW_3,file,/Users/pelmeshka/Documents/Обучение/Python погружение/HW/.git/refs/heads,41
HW_4,file,/Users/pelmeshka/Documents/Обучение/Python погружение/HW/.git/refs/heads,41
HW_5,file,/Users/pelmeshka/Documents/Обучение/Python погружение/HW/.git/refs/heads,41
HW_2,file,/Users/pelmeshka/Documents/Обучение/Python погружение/HW/.git/refs/heads,41
HW_7,file,/Users/pelmeshka/Documents/Обучение/Python погружение/HW/.git/refs/heads,41
HW_1,file,/Users/pelmeshka/Documents/Обучение/Python погружение/HW/.git/refs/heads,41
HW_6,file,/Users/pelmeshka/Documents/Обучение/Python погружение/HW/.git/refs/heads,41
main,file,/Users/pelmeshka/Documents/Обучение/Python погружение/HW/.git/refs/heads,41
tags,directory,/Users/pelmeshka/Documents/Обучение/Python погружение/HW/.git/refs/tags,0
remotes,directory,/Users/pelmeshka/Documents/Обучение/Python погружение/HW/.git/refs/remotes,328
origin,directory,/Users/pelmeshka/Documents/Обучение/Python погружение/HW/.git/refs/remotes/origin,328
HW_3,file,/Users/pelmeshka/Documents/Обучение/Python погружение/HW/.git/refs/remotes/origin,41
HW_4,file,/Users/pelmeshka/Documents/Обучение/Python погружение/HW/.git/refs/remotes/origin,41
HW_5,file,/Users/pelmeshka/Documents/Обучение/Python погружение/HW/.git/refs/remotes/origin,41
HW_2,file,/Users/pelmeshka/Documents/Обучение/Python погружение/HW/.git/refs/remotes/origin,41
HW_7,file,/Users/pelmeshka/Documents/Обучение/Python погружение/HW/.git/refs/remotes/origin,41
HW_1,file,/Users/pelmeshka/Documents/Обучение/Python погружение/HW/.git/refs/remotes/origin,41
HW_6,file,/Users/pelmeshka/Documents/Обучение/Python погружение/HW/.git/refs/remotes/origin,41
main,file,/Users/pelmeshka/Documents/Обучение/Python погружение/HW/.git/refs/remotes/origin,41
file_utils,directory,/Users/pelmeshka/Documents/Обучение/Python погружение/HW/file_utils,1243
structure_utils.py,file,/Users/pelmeshka/Documents/Обучение/Python погружение/HW/file_utils,218
csv_utils.py,file,/Users/pelmeshka/Documents/Обучение/Python погружение/HW/file_utils,361
__init__.py,file,/Users/pelmeshka/Documents/Обучение/Python погружение/HW/file_utils,106
pickle_utils.py,file,/Users/pelmeshka/Documents/Обучение/Python погружение/HW/file_utils,253
json_utils.py,file,/Users/pelmeshka/Documents/Обучение/Python погружение/HW/file_utils,305
7,directory,/Users/pelmeshka/Documents/Обучение/Python погружение/7,8207
6.py,file,/Users/pelmeshka/Documents/Обучение/Python погружение/7,1045
2.py,file,/Users/pelmeshka/Documents/Обучение/Python погружение/7,1067
3.py,file,/Users/pelmeshka/Documents/Обучение/Python погружение/7,2348
file4.py,file,/Users/pelmeshka/Documents/Обучение/Python погружение/7,2265
5.py,file,/Users/pelmeshka/Documents/Обучение/Python погружение/7,971
main.py,file,/Users/pelmeshka/Documents/Обучение/Python погружение/7,511
доки,directory,/Users/pelmeshka/Documents/Обучение/Python погружение/доки,151483481
numbers.txt,file,/Users/pelmeshka/Documents/Обучение/Python погружение/доки,634
.DS_Store,file,/Users/pelmeshka/Documents/Обучение/Python погружение/доки,8196
Лекция 4. Погружение в Python. Функции.docx.pdf,file,/Users/pelmeshka/Documents/Обучение/Python погружение/доки,532241
Лекция 1. Погружение в Python. Основы Python.docx.pdf,file,/Users/pelmeshka/Documents/Обучение/Python погружение/доки,792770
~$Семинар 8. Погружение в Python. Сериализация.pptx,file,/Users/pelmeshka/Documents/Обучение/Python погружение/доки,165
_Семинар 5. Погружение в Python. Итераторы и генераторы.pptx,file,/Users/pelmeshka/Documents/Обучение/Python погружение/доки,34610689
Семинар 6. Погружение в Python. Модули.pptx,file,/Users/pelmeshka/Documents/Обучение/Python погружение/доки,34819556
Семинар 8. Погружение в Python. Сериализация.pptx,file,/Users/pelmeshka/Documents/Обучение/Python погружение/доки,35633914
Лекция 2. Погружение в Python. Простые типы данных.pptx.pdf,file,/Users/pelmeshka/Documents/Обучение/Python погружение/доки,3622779
Тест переименования001.new_чдыч,file,/Users/pelmeshka/Documents/Обучение/Python погружение/доки,8489
Лекция 3. Погружение в Python. Коллекции.docx.pdf,file,/Users/pelmeshka/Documents/Обучение/Python погружение/доки,571406
Лекция 3. Погружение в Python. Коллекции.pptx.pdf,file,/Users/pelmeshka/Documents/Обучение/Python погружение/доки,3193687
_Семинар 7. Погружение в Python. Файлы и файловая система.pptx,file,/Users/pelmeshka/Documents/Обучение/Python погружение/доки,34526178
Лекция 2. Погружение в Python. Простые типы данных.docx.pdf,file,/Users/pelmeshka/Documents/Обучение/Python погружение/доки,526173
Лекция 4. Погружение в Python. Функции.pptx.pdf,file,/Users/pelmeshka/Documents/Обучение/Python погружение/доки,2636604
lessons,directory,/Users/pelmeshka/Documents/Обучение/Python погружение/lessons,164731
numbers.txt,file,/Users/pelmeshka/Documents/Обучение/Python погружение/lessons,225
.DS_Store,file,/Users/pelmeshka/Documents/Обучение/Python погружение/lessons,6148
output.pickle,file,/Users/pelmeshka/Documents/Обучение/Python погружение/lessons,185
user_data.json,file,/Users/pelmeshka/Documents/Обучение/Python погружение/lessons,246
output.json,file,/Users/pelmeshka/Documents/Обучение/Python погружение/lessons,254
updated_user_data.json,file,/Users/pelmeshka/Documents/Обучение/Python погружение/lessons,281
results.txt,file,/Users/pelmeshka/Documents/Обучение/Python погружение/lessons,168
data.csv,file,/Users/pelmeshka/Documents/Обучение/Python погружение/lessons,119
pseudo_names.txt,file,/Users/pelmeshka/Documents/Обучение/Python погружение/lessons,63
README.md,file,/Users/pelmeshka/Documents/Обучение/Python погружение/lessons,22
user_data.pickle,file,/Users/pelmeshka/Documents/Обучение/Python погружение/lessons,134
updated_user_data.pickle,file,/Users/pelmeshka/Documents/Обучение/Python погружение/lessons,148
user_data.csv,file,/Users/pelmeshka/Documents/Обучение/Python погружение/lessons,56
gitignore.txt,file,/Users/pelmeshka/Documents/Обучение/Python погружение/lessons,3078
Lesson_7,directory,/Users/pelmeshka/Documents/Обучение/Python погружение/lessons/Lesson_7,11396
task_5.py,file,/Users/pelmeshka/Documents/Обучение/Python погружение/lessons/Lesson_7,1566
task_1.py,file,/Users/pelmeshka/Documents/Обучение/Python погружение/lessons/Lesson_7,907
task_4.py,file,/Users/pelmeshka/Documents/Обучение/Python погружение/lessons/Lesson_7,1735
task_3.py,file,/Users/pelmeshka/Documents/Обучение/Python погружение/lessons/Lesson_7,1963
task_7.py,file,/Users/pelmeshka/Documents/Обучение/Python погружение/lessons/Lesson_7,2488
task_6.py,file,/Users/pelmeshka/Documents/Обучение/Python погружение/lessons/Lesson_7,1794
task_2.py,file,/Users/pelmeshka/Documents/Обучение/Python погружение/lessons/Lesson_7,943
Lesson_6,directory,/Users/pelmeshka/Documents/Обучение/Python погружение/lessons/Lesson_6,14282
task_5.py,file,/Users/pelmeshka/Documents/Обучение/Python погружение/lessons/Lesson_6,2561
task_1.py,file,/Users/pelmeshka/Documents/Обучение/Python погружение/lessons/Lesson_6,407
task_4.py,file,/Users/pelmeshka/Documents/Обучение/Python погружение/lessons/Lesson_6,1523
task_8.py,file,/Users/pelmeshka/Documents/Обучение/Python погружение/lessons/Lesson_6,880
task_3.py,file,/Users/pelmeshka/Documents/Обучение/Python погружение/lessons/Lesson_6,1737
task_7.py,file,/Users/pelmeshka/Documents/Обучение/Python погружение/lessons/Lesson_6,1639
task_6.py,file,/Users/pelmeshka/Documents/Обучение/Python погружение/lessons/Lesson_6,3896
task_2.py,file,/Users/pelmeshka/Documents/Обучение/Python погружение/lessons/Lesson_6,1639
Lesson_1,directory,/Users/pelmeshka/Documents/Обучение/Python погружение/lessons/Lesson_1,4937
lesson_1_task_5.py,file,/Users/pelmeshka/Documents/Обучение/Python погружение/lessons/Lesson_1,1180
lesson_1_task_1.py,file,/Users/pelmeshka/Documents/Обучение/Python погружение/lessons/Lesson_1,466
lesson_1_task_4.py,file,/Users/pelmeshka/Documents/Обучение/Python погружение/lessons/Lesson_1,828
lesson_1_task_3.py,file,/Users/pelmeshka/Documents/Обучение/Python погружение/lessons/Lesson_1,1513
lesson_1_task_2.py,file,/Users/pelmeshka/Documents/Обучение/Python погружение/lessons/Lesson_1,950
Lesson_8,directory,/Users/pelmeshka/Documents/Обучение/Python погружение/lessons/Lesson_8,11522
task_5.py,file,/Users/pelmeshka/Documents/Обучение/Python погружение/lessons/Lesson_8,1713
task_1.py,file,/Users/pelmeshka/Documents/Обучение/Python погружение/lessons/Lesson_8,1267
task_4.py,file,/Users/pelmeshka/Documents/Обучение/Python погружение/lessons/Lesson_8,2583
task_3.py,file,/Users/pelmeshka/Documents/Обучение/Python погружение/lessons/Lesson_8,1040
task_7.py,file,/Users/pelmeshka/Documents/Обучение/Python погружение/lessons/Lesson_8,823
task_6.py,file,/Users/pelmeshka/Documents/Обучение/Python погружение/lessons/Lesson_8,1977
task_2.py,file,/Users/pelmeshka/Documents/Обучение/Python погружение/lessons/Lesson_8,2119
.git,directory,/Users/pelmeshka/Documents/Обучение/Python погружение/lessons/.git,85810
config,file,/Users/pelmeshka/Documents/Обучение/Python погружение/lessons/.git,845
HEAD,file,/Users/pelmeshka/Documents/Обучение/Python погружение/lessons/.git,25
description,file,/Users/pelmeshka/Documents/Обучение/Python погружение/lessons/.git,73
index,file,/Users/pelmeshka/Documents/Обучение/Python погружение/lessons/.git,6522
COMMIT_EDITMSG,file,/Users/pelmeshka/Documents/Обучение/Python погружение/lessons/.git,41
objects,directory,/Users/pelmeshka/Documents/Обучение/Python погружение/lessons/.git/objects,44729
68,directory,/Users/pelmeshka/Documents/Обучение/Python погружение/lessons/.git/objects/68,1544
bc17f9ff2104a9d7b6777058bb4c343ca72609,file,/Users/pelmeshka/Documents/Обучение/Python погружение/lessons/.git/objects/68,1544
57,directory,/Users/pelmeshka/Documents/Обучение/Python погружение/lessons/.git/objects/57,235
9becea801110d1370b12d2f38f5e9e5b78fc9f,file,/Users/pelmeshka/Documents/Обучение/Python погружение/lessons/.git/objects/57,235
3b,directory,/Users/pelmeshka/Documents/Обучение/Python погружение/lessons/.git/objects/3b,295
0172d8643fe37c45fdb7a57299ba9a062aa689,file,/Users/pelmeshka/Documents/Обучение/Python погружение/lessons/.git/objects/3b,295
3c,directory,/Users/pelmeshka/Documents/Обучение/Python погружение/lessons/.git/objects/3c,184
70164672869c5b584b8f89101a855faa2924ac,file,/Users/pelmeshka/Documents/Обучение/Python погружение/lessons/.git/objects/3c,184
56,directory,/Users/pelmeshka/Documents/Обучение/Python погружение/lessons/.git/objects/56,529
b1f418b34006bd95eea670ff97473b97bef319,file,/Users/pelmeshka/Documents/Обучение/Python погружение/lessons/.git/objects/56,529
58,directory,/Users/pelmeshka/Documents/Обучение/Python погружение/lessons/.git/objects/58,476
d57c625c2ad6599d72047ef44c96c6bd9a4dd2,file,/Users/pelmeshka/Documents/Обучение/Python погружение/lessons/.git/objects/58,476
67,directory,/Users/pelmeshka/Documents/Обучение/Python погружение/lessons/.git/objects/67,386
9e2f9723c48387abb490f832af4107ced211e6,file,/Users/pelmeshka/Documents/Обучение/Python погружение/lessons/.git/objects/67,386
93,directory,/Users/pelmeshka/Documents/Обучение/Python погружение/lessons/.git/objects/93,79
731ac63629ce079a2a2a3ab73557be406bef47,file,/Users/pelmeshka/Documents/Обучение/Python погружение/lessons/.git/objects/93,79
94,directory,/Users/pelmeshka/Documents/Обучение/Python погружение/lessons/.git/objects/94,89
6c1e5ddc4c41b4d540cb77f55282a61eb7f34f,file,/Users/pelmeshka/Documents/Обучение/Python погружение/lessons/.git/objects/94,89
9d,directory,/Users/pelmeshka/Documents/Обучение/Python погружение/lessons/.git/objects/9d,732
b137145a81cddfc82c9354b15cdffd05cafc4b,file,/Users/pelmeshka/Documents/Обучение/Python погружение/lessons/.git/objects/9d,732
b5,directory,/Users/pelmeshka/Documents/Обучение/Python погружение/lessons/.git/objects/b5,207
3b6162ccbebf9841eec61793adc8eaaf21d879,file,/Users/pelmeshka/Documents/Обучение/Python погружение/lessons/.git/objects/b5,207
bb,directory,/Users/pelmeshka/Documents/Обучение/Python погружение/lessons/.git/objects/bb,290
8e46987779744f620781196d92324c69d4a53e,file,/Users/pelmeshka/Documents/Обучение/Python погружение/lessons/.git/objects/bb,201
4406e8fdd3ca99293295ae656ce86fcb17c522,file,/Users/pelmeshka/Documents/Обучение/Python погружение/lessons/.git/objects/bb,89
be,directory,/Users/pelmeshka/Documents/Обучение/Python погружение/lessons/.git/objects/be,1063
6b0735311dbee225c7c648446182a7c232c960,file,/Users/pelmeshka/Documents/Обучение/Python погружение/lessons/.git/objects/be,956
8f8938b0353bafb16acd54b8aa9e3d7327e8e8,file,/Users/pelmeshka/Documents/Обучение/Python погружение/lessons/.git/objects/be,107
b3,directory,/Users/pelmeshka/Documents/Обучение/Python погружение/lessons/.git/objects/b3,747
02f18d465c7bf0a9af2ee7ba9f7945373a63b7,file,/Users/pelmeshka/Documents/Обучение/Python погружение/lessons/.git/objects/b3,747
df,directory,/Users/pelmeshka/Documents/Обучение/Python погружение/lessons/.git/objects/df,220
b52d2ef2c0dfe7a630c333fea0cbad65882ef8,file,/Users/pelmeshka/Documents/Обучение/Python погружение/lessons/.git/objects/df,220
da,directory,/Users/pelmeshka/Documents/Обучение/Python погружение/lessons/.git/objects/da,1194
97b4e8cd160ee164639a11fbf7f36160ba93e3,file,/Users/pelmeshka/Documents/Обучение/Python погружение/lessons/.git/objects/da,1194
d1,directory,/Users/pelmeshka/Documents/Обучение/Python погружение/lessons/.git/objects/d1,364
57d715e14e53e6e1120b486360c2a687b130cb,file,/Users/pelmeshka/Documents/Обучение/Python погружение/lessons/.git/objects/d1,364
d8,directory,/Users/pelmeshka/Documents/Обучение/Python погружение/lessons/.git/objects/d8,451
c4fd72f3e6c4a2c3d8137eb3caebd8c2162cfc,file,/Users/pelmeshka/Documents/Обучение/Python погружение/lessons/.git/objects/d8,451
e5,directory,/Users/pelmeshka/Documents/Обучение/Python погружение/lessons/.git/objects/e5,132
2bd210678f8ce3b06ec726acf1e1bf78b6534c,file,/Users/pelmeshka/Documents/Обучение/Python погружение/lessons/.git/objects/e5,132
f4,directory,/Users/pelmeshka/Documents/Обучение/Python погружение/lessons/.git/objects/f4,157
7bf97e0a4fecd7a59e44af0b7288ffca1fb844,file,/Users/pelmeshka/Documents/Обучение/Python погружение/lessons/.git/objects/f4,157
fd,directory,/Users/pelmeshka/Documents/Обучение/Python погружение/lessons/.git/objects/fd,170
bf2d4acc725ca433f5d9d5db660401bc716368,file,/Users/pelmeshka/Documents/Обучение/Python погружение/lessons/.git/objects/fd,170
ca,directory,/Users/pelmeshka/Documents/Обучение/Python погружение/lessons/.git/objects/ca,849
a00b59b5ab4b7cbc5f3058d614fcd18ac5b3e7,file,/Users/pelmeshka/Documents/Обучение/Python погружение/lessons/.git/objects/ca,849
e4,directory,/Users/pelmeshka/Documents/Обучение/Python погружение/lessons/.git/objects/e4,1283
55cbda231a2353dcfcc505ba27f3b31c705537,file,/Users/pelmeshka/Documents/Обучение/Python погружение/lessons/.git/objects/e4,212
fe65f8b4d4910857a4c6532b82a2c8a50c17d5,file,/Users/pelmeshka/Documents/Обучение/Python погружение/lessons/.git/objects/e4,673
ea60d8675a6e783d25a087b82aa29c2974ff8c,file,/Users/pelmeshka/Documents/Обучение/Python погружение/lessons/.git/objects/e4,398
ec,directory,/Users/pelmeshka/Documents/Обучение/Python погружение/lessons/.git/objects/ec,568
1159821909d11aef5032010d0b4f4ee241733e,file,/Users/pelmeshka/Documents/Обучение/Python погружение/lessons/.git/objects/ec,568
4e,directory,/Users/pelmeshka/Documents/Обучение/Python погружение/lessons/.git/objects/4e,526
5a513b61cd2479571c224594f8008c9deea4d5,file,/Users/pelmeshka/Documents/Обучение/Python погружение/lessons/.git/objects/4e,526
18,directory,/Users/pelmeshka/Documents/Обучение/Python погружение/lessons/.git/objects/18,277
e981ef38cad74b05633b7001f43cedaab30bff,file,/Users/pelmeshka/Documents/Обучение/Python погружение/lessons/.git/objects/18,277
27,directory,/Users/pelmeshka/Documents/Обучение/Python погружение/lessons/.git/objects/27,356
ec9572d55ff2e299f844674d8d6301b9cebab6,file,/Users/pelmeshka/Documents/Обучение/Python погружение/lessons/.git/objects/27,356
pack,directory,/Users/pelmeshka/Documents/Обучение/Python погружение/lessons/.git/objects/pack,0
42,directory,/Users/pelmeshka/Documents/Обучение/Python погружение/lessons/.git/objects/42,1552
d80eb561fda8cd9a11593ffe22689d38b543bb,file,/Users/pelmeshka/Documents/Обучение/Python погружение/lessons/.git/objects/42,1142
91d6ade212b8c1e3ebf441093518d9a57c66b8,file,/Users/pelmeshka/Documents/Обучение/Python погружение/lessons/.git/objects/42,410
89,directory,/Users/pelmeshka/Documents/Обучение/Python погружение/lessons/.git/objects/89,260
2e77b1ce17a5ed59d138720e30dd8836863d2c,file,/Users/pelmeshka/Documents/Обучение/Python погружение/lessons/.git/objects/89,260
45,directory,/Users/pelmeshka/Documents/Обучение/Python погружение/lessons/.git/objects/45,718
1686a6a4a630b16677a7d7392f46a66d510c81,file,/Users/pelmeshka/Documents/Обучение/Python погружение/lessons/.git/objects/45,718
1f,directory,/Users/pelmeshka/Documents/Обучение/Python погружение/lessons/.git/objects/1f,151
3f7685ac308a76e2cd0ee5bac9de6f32752df5,file,/Users/pelmeshka/Documents/Обучение/Python погружение/lessons/.git/objects/1f,151
87,directory,/Users/pelmeshka/Documents/Обучение/Python погружение/lessons/.git/objects/87,212
82b6911d0465389fd926dbd7b6d6cd6f7407c0,file,/Users/pelmeshka/Documents/Обучение/Python погружение/lessons/.git/objects/87,212
74,directory,/Users/pelmeshka/Documents/Обучение/Python погружение/lessons/.git/objects/74,209
e4fc3ad488e334460ecb1b9f00fd183f0c2865,file,/Users/pelmeshka/Documents/Обучение/Python погружение/lessons/.git/objects/74,209
8a,directory,/Users/pelmeshka/Documents/Обучение/Python погружение/lessons/.git/objects/8a,624
52c2ea5755c599ad8bb876dce0d3c9ad4ea1bc,file,/Users/pelmeshka/Documents/Обучение/Python погружение/lessons/.git/objects/8a,624
10,directory,/Users/pelmeshka/Documents/Обучение/Python погружение/lessons/.git/objects/10,315
123ad21f0393d427f12874ab8b428c25d15569,file,/Users/pelmeshka/Documents/Обучение/Python погружение/lessons/.git/objects/10,315
75,directory,/Users/pelmeshka/Documents/Обучение/Python погружение/lessons/.git/objects/75,790
bc5ca9fc6aa700eb5137e06a61f49e5ec22281,file,/Users/pelmeshka/Documents/Обучение/Python погружение/lessons/.git/objects/75,205
ab0f982af6937b1a9a173b71db441e2e468b01,file,/Users/pelmeshka/Documents/Обучение/Python погружение/lessons/.git/objects/75,585
81,directory,/Users/pelmeshka/Documents/Обучение/Python погружение/lessons/.git/objects/81,524
d8566e687341dbbb94492d56ca2ca056a22fc4,file,/Users/pelmeshka/Documents/Обучение/Python погружение/lessons/.git/objects/81,524
86,directory,/Users/pelmeshka/Documents/Обучение/Python погружение/lessons/.git/objects/86,388
2f1faabaa253c6640d157f9fe31766c1288ad3,file,/Users/pelmeshka/Documents/Обучение/Python погружение/lessons/.git/objects/86,388
2f,directory,/Users/pelmeshka/Documents/Обучение/Python погружение/lessons/.git/objects/2f,1499
49b69433d6f949945fb623c7e330df8ba3af68,file,/Users/pelmeshka/Documents/Обучение/Python погружение/lessons/.git/objects/2f,1499
9f,directory,/Users/pelmeshka/Documents/Обучение/Python погружение/lessons/.git/objects/9f,966
b444a9c216aa7bed6922399693eded4f48c9f1,file,/Users/pelmeshka/Documents/Обучение/Python погружение/lessons/.git/objects/9f,446
31cc69f776702a35ab9d148cb6572203f52ee6,file,/Users/pelmeshka/Documents/Обучение/Python погружение/lessons/.git/objects/9f,520
07,directory,/Users/pelmeshka/Documents/Обучение/Python погружение/lessons/.git/objects/07,142
b571a2ee73e9c5c44aabe7a591d982d84f2604,file,/Users/pelmeshka/Documents/Обучение/Python погружение/lessons/.git/objects/07,142
38,directory,/Users/pelmeshka/Documents/Обучение/Python погружение/lessons/.git/objects/38,38
b8cdc625c519bba3691d7d18d0da2d775a3016,file,/Users/pelmeshka/Documents/Обучение/Python погружение/lessons/.git/objects/38,38
00,directory,/Users/pelmeshka/Documents/Обучение/Python погружение/lessons/.git/objects/00,1129
6215251452b4846472811ebf53d45db582daf7,file,/Users/pelmeshka/Documents/Обучение/Python погружение/lessons/.git/objects/00,286
6949d762aa64dcf0bdaf1135b2acb90b7e7256,file,/Users/pelmeshka/Documents/Обучение/Python погружение/lessons/.git/objects/00,843
5d,directory,/Users/pelmeshka/Documents/Обучение/Python погружение/lessons/.git/objects/5d,454
bf55d037e964007cccb69d71b1208e108cc419,file,/Users/pelmeshka/Documents/Обучение/Python погружение/lessons/.git/objects/5d,454
info,directory,/Users/pelmeshka/Documents/Обучение/Python погружение/lessons/.git/objects/info,0
96,directory,/Users/pelmeshka/Documents/Обучение/Python погружение/lessons/.git/objects/96,1003
48f2df99978a76c3a8a50bc2b62e702ebba2d0,file,/Users/pelmeshka/Documents/Обучение/Python погружение/lessons/.git/objects/96,796
cc7882f97711e7c73d4f35893745473ec4614e,file,/Users/pelmeshka/Documents/Обучение/Python погружение/lessons/.git/objects/96,207
3a,directory,/Users/pelmeshka/Documents/Обучение/Python погружение/lessons/.git/objects/3a,469
96f9c0aa4903e0602ee49b0464436519fb9db0,file,/Users/pelmeshka/Documents/Обучение/Python погружение/lessons/.git/objects/3a,469
54,directory,/Users/pelmeshka/Documents/Обучение/Python погружение/lessons/.git/objects/54,342
eea011b465a945c808994f829f60420366166c,file,/Users/pelmeshka/Documents/Обучение/Python погружение/lessons/.git/objects/54,342
98,directory,/Users/pelmeshka/Documents/Обучение/Python погружение/lessons/.git/objects/98,1435
64dba8ed4b230d12fb841b6c1d32a7728c7f53,file,/Users/pelmeshka/Documents/Обучение/Python погружение/lessons/.git/objects/98,928
d8bab65aaf4dabe04d4687e8c1ebd85cffb631,file,/Users/pelmeshka/Documents/Обучение/Python погружение/lessons/.git/objects/98,247
029eededb86a978907ce9f33458d2d9ce050b7,file,/Users/pelmeshka/Documents/Обучение/Python погружение/lessons/.git/objects/98,260
5e,directory,/Users/pelmeshka/Documents/Обучение/Python погружение/lessons/.git/objects/5e,212
db8340b2649ec2c41a6b78f525ece9319f3c7b,file,/Users/pelmeshka/Documents/Обучение/Python погружение/lessons/.git/objects/5e,212
5b,directory,/Users/pelmeshka/Documents/Обучение/Python погружение/lessons/.git/objects/5b,1143
1c44b47da718544b4c908dbe5bb3cdabfb9c0e,file,/Users/pelmeshka/Documents/Обучение/Python погружение/lessons/.git/objects/5b,1143
37,directory,/Users/pelmeshka/Documents/Обучение/Python погружение/lessons/.git/objects/37,497
ae1f5edbbe5bb5ba9d2805e46fe1d980a21a71,file,/Users/pelmeshka/Documents/Обучение/Python погружение/lessons/.git/objects/37,497
08,directory,/Users/pelmeshka/Documents/Обучение/Python погружение/lessons/.git/objects/08,412
4664ece444b246989878f3a752252f086916a6,file,/Users/pelmeshka/Documents/Обучение/Python погружение/lessons/.git/objects/08,412
6d,directory,/Users/pelmeshka/Documents/Обучение/Python погружение/lessons/.git/objects/6d,206
fe453f2ed820f6513803b42a2c5100ada54755,file,/Users/pelmeshka/Documents/Обучение/Python погружение/lessons/.git/objects/6d,206
06,directory,/Users/pelmeshka/Documents/Обучение/Python погружение/lessons/.git/objects/06,1029
6f08c7603b8a73ce66f7543bc96b1201aeaacc,file,/Users/pelmeshka/Documents/Обучение/Python погружение/lessons/.git/objects/06,1029
6c,directory,/Users/pelmeshka/Documents/Обучение/Python погружение/lessons/.git/objects/6c,566
5472680aebcf2d9e0328e745033713ca51e82d,file,/Users/pelmeshka/Documents/Обучение/Python погружение/lessons/.git/objects/6c,566
39,directory,/Users/pelmeshka/Documents/Обучение/Python погружение/lessons/.git/objects/39,1580
833b36dc37cd3179c3b1a94d0ec63ef1c4fcc7,file,/Users/pelmeshka/Documents/Обучение/Python погружение/lessons/.git/objects/39,447
ef88aeb741a7e21737b95c5eb61b8caa1f35e1,file,/Users/pelmeshka/Documents/Обучение/Python погружение/lessons/.git/objects/39,176
db4b6eac1070f316e6e60197c15e0a63139f8c,file,/Users/pelmeshka/Documents/Обучение/Python погружение/lessons/.git/objects/39,957
97,directory,/Users/pelmeshka/Documents/Обучение/Python погружение/lessons/.git/objects/97,523
affee198bf28a2861acabb9d5f9fa7836e7e65,file,/Users/pelmeshka/Documents/Обучение/Python погружение/lessons/.git/objects/97,523
0f,directory,/Users/pelmeshka/Documents/Обучение/Python погружение/lessons/.git/objects/0f,169
551ff859643ef47fd97da8ce46d425f73484d7,file,/Users/pelmeshka/Documents/Обучение/Python погружение/lessons/.git/objects/0f,169
bf,directory,/Users/pelmeshka/Documents/Обучение/Python погружение/lessons/.git/objects/bf,272
8d959036139c36f8293ba81086fadcd882e987,file,/Users/pelmeshka/Documents/Обучение/Python погружение/lessons/.git/objects/bf,272
a7,directory,/Users/pelmeshka/Documents/Обучение/Python погружение/lessons/.git/objects/a7,207
911902f156dd54b57fcd31e6601dfd233a4bba,file,/Users/pelmeshka/Documents/Обучение/Python погружение/lessons/.git/objects/a7,207
b8,directory,/Users/pelmeshka/Documents/Обучение/Python погружение/lessons/.git/objects/b8,402
33c371a7e78a19ca09e81073fbab952ef94a1e,file,/Users/pelmeshka/Documents/Обучение/Python погружение/lessons/.git/objects/b8,402
d2,directory,/Users/pelmeshka/Documents/Обучение/Python погружение/lessons/.git/objects/d2,677
05c31e3707258d0c061a06c71d1f55a770c793,file,/Users/pelmeshka/Documents/Обучение/Python погружение/lessons/.git/objects/d2,677
b7,directory,/Users/pelmeshka/Documents/Обучение/Python погружение/lessons/.git/objects/b7,1057
7335f55234d1576443d99584bd8f62564386d6,file,/Users/pelmeshka/Documents/Обучение/Python погружение/lessons/.git/objects/b7,346
10f243d43be21ead8d0dfbc48a2d41178a767e,file,/Users/pelmeshka/Documents/Обучение/Python погружение/lessons/.git/objects/b7,490
9e2000c437d1ae7d7a5a75a1c3432721af1a53,file,/Users/pelmeshka/Documents/Обучение/Python погружение/lessons/.git/objects/b7,221
de,directory,/Users/pelmeshka/Documents/Обучение/Python погружение/lessons/.git/objects/de,460
69122601086b42f4ae8a2dea244add1de6f004,file,/Users/pelmeshka/Documents/Обучение/Python погружение/lessons/.git/objects/de,460
b9,directory,/Users/pelmeshka/Documents/Обучение/Python погружение/lessons/.git/objects/b9,994
de634c924482588a3650aba4b4261de86657d2,file,/Users/pelmeshka/Documents/Обучение/Python погружение/lessons/.git/objects/b9,283
d9000ff2dcd9fbd6c67de47c45121190055d79,file,/Users/pelmeshka/Documents/Обучение/Python погружение/lessons/.git/objects/b9,711
a1,directory,/Users/pelmeshka/Documents/Обучение/Python погружение/lessons/.git/objects/a1,528
422a8276ca1154a564fe656167e6dd07c2f74d,file,/Users/pelmeshka/Documents/Обучение/Python погружение/lessons/.git/objects/a1,528
cc,directory,/Users/pelmeshka/Documents/Обучение/Python погружение/lessons/.git/objects/cc,462
f239f88dc35723edeb545b15b6b313196cffad,file,/Users/pelmeshka/Documents/Обучение/Python погружение/lessons/.git/objects/cc,402
defb57c1a497db7d614448bd5b40bc6f80e083,file,/Users/pelmeshka/Documents/Обучение/Python погружение/lessons/.git/objects/cc,60
f9,directory,/Users/pelmeshka/Documents/Обучение/Python погружение/lessons/.git/objects/f9,459
c57bcbf6372070c2bf1bfe94cdefe8c42729d1,file,/Users/pelmeshka/Documents/Обучение/Python погружение/lessons/.git/objects/f9,459
f7,directory,/Users/pelmeshka/Documents/Обучение/Python погружение/lessons/.git/objects/f7,491
0eeefd8f0d40a0ea98b5c1122488ea41d988fe,file,/Users/pelmeshka/Documents/Обучение/Python погружение/lessons/.git/objects/f7,491
f6,directory,/Users/pelmeshka/Documents/Обучение/Python погружение/lessons/.git/objects/f6,54
cff2aca29f0e02d2438c54314fbe18d6ed0ee0,file,/Users/pelmeshka/Documents/Обучение/Python погружение/lessons/.git/objects/f6,54
e9,directory,/Users/pelmeshka/Documents/Обучение/Python погружение/lessons/.git/objects/e9,427
ef44112e7b0a2f105f0dd1939c4551e5460f65,file,/Users/pelmeshka/Documents/Обучение/Python погружение/lessons/.git/objects/e9,427
cb,directory,/Users/pelmeshka/Documents/Обучение/Python погружение/lessons/.git/objects/cb,372
b17258937ac67b7ea9f011429591aa075a2c45,file,/Users/pelmeshka/Documents/Обучение/Python погружение/lessons/.git/objects/cb,240
c351aeaf1d994f102f90b2dfa2e0fbb90bbf78,file,/Users/pelmeshka/Documents/Обучение/Python погружение/lessons/.git/objects/cb,132
1b,directory,/Users/pelmeshka/Documents/Обучение/Python погружение/lessons/.git/objects/1b,228
476187024cae164098595909daa89dd982cad9,file,/Users/pelmeshka/Documents/Обучение/Python погружение/lessons/.git/objects/1b,228
4a,directory,/Users/pelmeshka/Documents/Обучение/Python погружение/lessons/.git/objects/4a,238
ffa63ab33568ceb2c8e9e51d2520e0d6f50d9e,file,/Users/pelmeshka/Documents/Обучение/Python погружение/lessons/.git/objects/4a,238
24,directory,/Users/pelmeshka/Documents/Обучение/Python погружение/lessons/.git/objects/24,379
fd820b4b76d91c63208f3c958199774ce2c3a9,file,/Users/pelmeshka/Documents/Обучение/Python погружение/lessons/.git/objects/24,379
8d,directory,/Users/pelmeshka/Documents/Обучение/Python погружение/lessons/.git/objects/8d,467
15822b4ad8bff10ce8c1d5294c46126939e1c9,file,/Users/pelmeshka/Documents/Обучение/Python погружение/lessons/.git/objects/8d,467
8c,directory,/Users/pelmeshka/Documents/Обучение/Python погружение/lessons/.git/objects/8c,804
d5d4659fb1928b14190ab122061e1b1bd3f5a0,file,/Users/pelmeshka/Documents/Обучение/Python погружение/lessons/.git/objects/8c,804
1d,directory,/Users/pelmeshka/Documents/Обучение/Python погружение/lessons/.git/objects/1d,464
c96d0cfa96dc94503f80bccb3f5744bd232b2a,file,/Users/pelmeshka/Documents/Обучение/Python погружение/lessons/.git/objects/1d,464
76,directory,/Users/pelmeshka/Documents/Обучение/Python погружение/lessons/.git/objects/76,853
2eed02c5eb869621fc864fdaa72fc84edf897e,file,/Users/pelmeshka/Documents/Обучение/Python погружение/lessons/.git/objects/76,853
8b,directory,/Users/pelmeshka/Documents/Обучение/Python погружение/lessons/.git/objects/8b,213
147e5cc0bc080b02f6858478efbd918bddfb67,file,/Users/pelmeshka/Documents/Обучение/Python погружение/lessons/.git/objects/8b,213
7a,directory,/Users/pelmeshka/Documents/Обучение/Python погружение/lessons/.git/objects/7a,760
edd8622a1a4143a46cfa837ff279a857ee7be3,file,/Users/pelmeshka/Documents/Обучение/Python погружение/lessons/.git/objects/7a,760
8e,directory,/Users/pelmeshka/Documents/Обучение/Python погружение/lessons/.git/objects/8e,293
f0e2a5f53fffaa7bcab61f764a7828e055ba2e,file,/Users/pelmeshka/Documents/Обучение/Python погружение/lessons/.git/objects/8e,293
22,directory,/Users/pelmeshka/Documents/Обучение/Python погружение/lessons/.git/objects/22,208
bb2e5343d1b61570be18c2b1c2aec049b1738d,file,/Users/pelmeshka/Documents/Обучение/Python погружение/lessons/.git/objects/22,208
info,directory,/Users/pelmeshka/Documents/Обучение/Python погружение/lessons/.git/info,240
exclude,file,/Users/pelmeshka/Documents/Обучение/Python погружение/lessons/.git/info,240
logs,directory,/Users/pelmeshka/Documents/Обучение/Python погружение/lessons/.git/logs,9043
HEAD,file,/Users/pelmeshka/Documents/Обучение/Python погружение/lessons/.git/logs,3917
refs,directory,/Users/pelmeshka/Documents/Обучение/Python погружение/lessons/.git/logs/refs,5126
heads,directory,/Users/pelmeshka/Documents/Обучение/Python погружение/lessons/.git/logs/refs/heads,3586
HW_5,file,/Users/pelmeshka/Documents/Обучение/Python погружение/lessons/.git/logs/refs/heads,353
Lesson_7,file,/Users/pelmeshka/Documents/Обучение/Python погружение/lessons/.git/logs/refs/heads,360
Lesson_6,file,/Users/pelmeshka/Documents/Обучение/Python погружение/lessons/.git/logs/refs/heads,353
lesson_1,file,/Users/pelmeshka/Documents/Обучение/Python погружение/lessons/.git/logs/refs/heads,373
Lesson_8,file,/Users/pelmeshka/Documents/Обучение/Python погружение/lessons/.git/logs/refs/heads,353
main,file,/Users/pelmeshka/Documents/Обучение/Python погружение/lessons/.git/logs/refs/heads,360
Lesson_4,file,/Users/pelmeshka/Documents/Обучение/Python погружение/lessons/.git/logs/refs/heads,353
Lesson_3,file,/Users/pelmeshka/Documents/Обучение/Python погружение/lessons/.git/logs/refs/heads,353
lesson_2,file,/Users/pelmeshka/Documents/Обучение/Python погружение/lessons/.git/logs/refs/heads,375
Lesson_5,file,/Users/pelmeshka/Documents/Обучение/Python погружение/lessons/.git/logs/refs/heads,353
remotes,directory,/Users/pelmeshka/Documents/Обучение/Python погружение/lessons/.git/logs/refs/remotes,1540
origin,directory,/Users/pelmeshka/Documents/Обучение/Python погружение/lessons/.git/logs/refs/remotes/origin,1540
Lesson_7,file,/Users/pelmeshka/Documents/Обучение/Python погружение/lessons/.git/logs/refs/remotes/origin,154
Lesson_6,file,/Users/pelmeshka/Documents/Обучение/Python погружение/lessons/.git/logs/refs/remotes/origin,154
lesson_1,file,/Users/pelmeshka/Documents/Обучение/Python погружение/lessons/.git/logs/refs/remotes/origin,308
Lesson_8,file,/Users/pelmeshka/Documents/Обучение/Python погружение/lessons/.git/logs/refs/remotes/origin,154
main,file,/Users/pelmeshka/Documents/Обучение/Python погружение/lessons/.git/logs/refs/remotes/origin,154
Lesson_4,file,/Users/pelmeshka/Documents/Обучение/Python погружение/lessons/.git/logs/refs/remotes/origin,154
Lesson_3,file,/Users/pelmeshka/Documents/Обучение/Python погружение/lessons/.git/logs/refs/remotes/origin,154
lesson_2,file,/Users/pelmeshka/Documents/Обучение/Python погружение/lessons/.git/logs/refs/remotes/origin,154
Lesson_5,file,/Users/pelmeshka/Documents/Обучение/Python погружение/lessons/.git/logs/refs/remotes/origin,154
hooks,directory,/Users/pelmeshka/Documents/Обучение/Python погружение/lessons/.git/hooks,23513
commit-msg.sample,file,/Users/pelmeshka/Documents/Обучение/Python погружение/lessons/.git/hooks,896
pre-rebase.sample,file,/Users/pelmeshka/Documents/Обучение/Python погружение/lessons/.git/hooks,4898
pre-commit.sample,file,/Users/pelmeshka/Documents/Обучение/Python погружение/lessons/.git/hooks,1643
applypatch-msg.sample,file,/Users/pelmeshka/Documents/Обучение/Python погружение/lessons/.git/hooks,478
fsmonitor-watchman.sample,file,/Users/pelmeshka/Documents/Обучение/Python погружение/lessons/.git/hooks,4726
pre-receive.sample,file,/Users/pelmeshka/Documents/Обучение/Python погружение/lessons/.git/hooks,544
prepare-commit-msg.sample,file,/Users/pelmeshka/Documents/Обучение/Python погружение/lessons/.git/hooks,1492
post-update.sample,file,/Users/pelmeshka/Documents/Обучение/Python погружение/lessons/.git/hooks,189
pre-merge-commit.sample,file,/Users/pelmeshka/Documents/Обучение/Python погружение/lessons/.git/hooks,416
pre-applypatch.sample,file,/Users/pelmeshka/Documents/Обучение/Python погружение/lessons/.git/hooks,424
pre-push.sample,file,/Users/pelmeshka/Documents/Обучение/Python погружение/lessons/.git/hooks,1374
update.sample,file,/Users/pelmeshka/Documents/Обучение/Python погружение/lessons/.git/hooks,3650
push-to-checkout.sample,file,/Users/pelmeshka/Documents/Обучение/Python погружение/lessons/.git/hooks,2783
refs,directory,/Users/pelmeshka/Documents/Обучение/Python погружение/lessons/.git/refs,779
heads,directory,/Users/pelmeshka/Documents/Обучение/Python погружение/lessons/.git/refs/heads,410
HW_5,file,/Users/pelmeshka/Documents/Обучение/Python погружение/lessons/.git/refs/heads,41
Lesson_7,file,/Users/pelmeshka/Documents/Обучение/Python погружение/lessons/.git/refs/heads,41
Lesson_6,file,/Users/pelmeshka/Documents/Обучение/Python погружение/lessons/.git/refs/heads,41
lesson_1,file,/Users/pelmeshka/Documents/Обучение/Python погружение/lessons/.git/refs/heads,41
Lesson_8,file,/Users/pelmeshka/Documents/Обучение/Python погружение/lessons/.git/refs/heads,41
main,file,/Users/pelmeshka/Documents/Обучение/Python погружение/lessons/.git/refs/heads,41
Lesson_4,file,/Users/pelmeshka/Documents/Обучение/Python погружение/lessons/.git/refs/heads,41
Lesson_3,file,/Users/pelmeshka/Documents/Обучение/Python погружение/lessons/.git/refs/heads,41
lesson_2,file,/Users/pelmeshka/Documents/Обучение/Python погружение/lessons/.git/refs/heads,41
Lesson_5,file,/Users/pelmeshka/Documents/Обучение/Python погружение/lessons/.git/refs/heads,41
tags,directory,/Users/pelmeshka/Documents/Обучение/Python погружение/lessons/.git/refs/tags,0
remotes,directory,/Users/pelmeshka/Documents/Обучение/Python погружение/lessons/.git/refs/remotes,369
origin,directory,/Users/pelmeshka/Documents/Обучение/Python погружение/lessons/.git/refs/remotes/origin,369
Lesson_7,file,/Users/pelmeshka/Documents/Обучение/Python погружение/lessons/.git/refs/remotes/origin,41
Lesson_6,file,/Users/pelmeshka/Documents/Обучение/Python погружение/lessons/.git/refs/remotes/origin,41
lesson_1,file,/Users/pelmeshka/Documents/Обучение/Python погружение/lessons/.git/refs/remotes/origin,41
Lesson_8,file,/Users/pelmeshka/Documents/Обучение/Python погружение/lessons/.git/refs/remotes/origin,41
main,file,/Users/pelmeshka/Documents/Обучение/Python погружение/lessons/.git/refs/remotes/origin,41
Lesson_4,file,/Users/pelmeshka/Documents/Обучение/Python погружение/lessons/.git/refs/remotes/origin,41
Lesson_3,file,/Users/pelmeshka/Documents/Обучение/Python погружение/lessons/.git/refs/remotes/origin,41
lesson_2,file,/Users/pelmeshka/Documents/Обучение/Python погружение/lessons/.git/refs/remotes/origin,41
Lesson_5,file,/Users/pelmeshka/Documents/Обучение/Python погружение/lessons/.git/refs/remotes/origin,41
Lesson_4,directory,/Users/pelmeshka/Documents/Обучение/Python погружение/lessons/Lesson_4,6943
task_5.py,file,/Users/pelmeshka/Documents/Обучение/Python погружение/lessons/Lesson_4,997
task_1.py,file,/Users/pelmeshka/Documents/Обучение/Python погружение/lessons/Lesson_4,903
task_4.py,file,/Users/pelmeshka/Documents/Обучение/Python погружение/lessons/Lesson_4,778
task_8.py,file,/Users/pelmeshka/Documents/Обучение/Python погружение/lessons/Lesson_4,978
task_3.py,file,/Users/pelmeshka/Documents/Обучение/Python погружение/lessons/Lesson_4,959
task_7.py,file,/Users/pelmeshka/Documents/Обучение/Python погружение/lessons/Lesson_4,862
task_6.py,file,/Users/pelmeshka/Documents/Обучение/Python погружение/lessons/Lesson_4,788
task_2.py,file,/Users/pelmeshka/Documents/Обучение/Python погружение/lessons/Lesson_4,678
Lesson_3,directory,/Users/pelmeshka/Documents/Обучение/Python погружение/lessons/Lesson_3,6750
lesson_3_task_3.py,file,/Users/pelmeshka/Documents/Обучение/Python погружение/lessons/Lesson_3,546
lesson_3_task_7.py,file,/Users/pelmeshka/Documents/Обучение/Python погружение/lessons/Lesson_3,807
lesson_3_task_6.py,file,/Users/pelmeshka/Documents/Обучение/Python погружение/lessons/Lesson_3,761
lesson_3_task_2.py,file,/Users/pelmeshka/Documents/Обучение/Python погружение/lessons/Lesson_3,906
lesson_3_task_8.py,file,/Users/pelmeshka/Documents/Обучение/Python погружение/lessons/Lesson_3,1965
lesson_3_task_5.py,file,/Users/pelmeshka/Documents/Обучение/Python погружение/lessons/Lesson_3,462
lesson_3_task_1.py,file,/Users/pelmeshka/Documents/Обучение/Python погружение/lessons/Lesson_3,625
lesson_3_task_4.py,file,/Users/pelmeshka/Documents/Обучение/Python погружение/lessons/Lesson_3,678
Lesson_2,directory,/Users/pelmeshka/Documents/Обучение/Python погружение/lessons/Lesson_2,7104
lesson_2_task_3.py,file,/Users/pelmeshka/Documents/Обучение/Python погружение/lessons/Lesson_2,1360
lesson_2_task_2.py,file,/Users/pelmeshka/Documents/Обучение/Python погружение/lessons/Lesson_2,919
lesson_2_task_5.py,file,/Users/pelmeshka/Documents/Обучение/Python погружение/lessons/Lesson_2,835
lesson_2_task_1.py,file,/Users/pelmeshka/Documents/Обучение/Python погружение/lessons/Lesson_2,299
lesson_2_task_4.py,file,/Users/pelmeshka/Documents/Обучение/Python погружение/lessons/Lesson_2,787
lesson_2_task_6_ATM.py,file,/Users/pelmeshka/Documents/Обучение/Python погружение/lessons/Lesson_2,2904
Lesson_5,directory,/Users/pelmeshka/Documents/Обучение/Python погружение/lessons/Lesson_5,4860
task_5.py,file,/Users/pelmeshka/Documents/Обучение/Python погружение/lessons/Lesson_5,494
task_1.py,file,/Users/pelmeshka/Documents/Обучение/Python погружение/lessons/Lesson_5,1137
task_4.py,file,/Users/pelmeshka/Documents/Обучение/Python погружение/lessons/Lesson_5,403
task_3.py,file,/Users/pelmeshka/Documents/Обучение/Python погружение/lessons/Lesson_5,891
task_7.py,file,/Users/pelmeshka/Documents/Обучение/Python погружение/lessons/Lesson_5,792
task_6.py,file,/Users/pelmeshka/Documents/Обучение/Python погружение/lessons/Lesson_5,715
task_2.py,file,/Users/pelmeshka/Documents/Обучение/Python погружение/lessons/Lesson_5,428
